Reddit Post ID,Unique ID,Date of Collection,Collector Name,Source Platform,Source Publication,Original Date,Title/Headline,URL,Search Query Used,Fraud Category,Fraud Subcategory,Narrative Type,TXT File Name,Notes
1ii929g,NARCF4-00009,2026-04-11,YOUR NAME HERE,Reddit r/Ranchi,reddit.com,2025-02-05,Right Now I'm kinda homeless,https://www.reddit.com/r/ranchi/comments/1ii929g/right_now_im_kinda_homeless/,cybercrime,General Cybercrime / Cyber Fraud Terms,General Cybercrime,THIRD-PARTY,NARCF4-00009.txt,City: Ranchi | Author: u/Liyaquat_04 | Score: 13 | Reddit ID: 1ii929g
14yr66b,NARCF4-00010,2026-04-11,YOUR NAME HERE,Reddit r/Ranchi,reddit.com,2023-07-13,Bhai kya India me online cc fraud hota hai dn m?,https://www.reddit.com/r/ranchi/comments/14yr66b/bhai_kya_india_me_online_cc_fraud_hota_hai_dn_m/,online fraud,General Cybercrime / Cyber Fraud Terms,General Cybercrime,THIRD-PARTY,NARCF4-00010.txt,City: Ranchi | Author: u/-sinner_winner- | Score: 1 | Reddit ID: 14yr66b
1cjwclr,NARCF4-00011,2026-04-11,YOUR NAME HERE,Reddit r/Ranchi,reddit.com,2024-05-04,Help ,https://www.reddit.com/r/ranchi/comments/1cjwclr/help/,online scam,General Cybercrime / Cyber Fraud Terms,Cyber Scam,VICTIM,NARCF4-00011.txt,City: Ranchi | Author: u/Top-Mix-5413 | Score: 1 | Reddit ID: 1cjwclr
1iukah7,NARCF4-00012,2026-04-11,YOUR NAME HERE,Reddit r/Ranchi,reddit.com,2025-02-21,loophole mila – Free ₹100 loot lo! 💸 Not a promotion,https://www.reddit.com/r/ranchi/comments/1iukah7/loophole_mila_free_100_loot_lo_not_a_promotion/,UPI scam,UPI and Digital Payment Fraud,UPI Fraud,THIRD-PARTY,NARCF4-00012.txt,City: Ranchi | Author: u/Witty_Pomegranate987 | Score: 1 | Reddit ID: 1iukah7
1ahw3ue,NARCF4-00013,2026-04-11,YOUR NAME HERE,Reddit r/Ranchi,reddit.com,2024-02-03,TW:Physical Assault and Rape,https://www.reddit.com/r/ranchi/comments/1ahw3ue/twphysical_assault_and_rape/,video call blackmail,Digital Arrest Scam,Video Call Coercion,THIRD-PARTY,NARCF4-00013.txt,City: Ranchi | Author: u/Low_Relationship9867 | Score: 1 | Reddit ID: 1ahw3ue
1bz4xl6,NARCF4-00014,2026-04-11,YOUR NAME HERE,Reddit r/Ranchi,reddit.com,2024-04-08,I paid the price for someone's actions ,https://www.reddit.com/r/ranchi/comments/1bz4xl6/i_paid_the_price_for_someones_actions/,fraud call,"Phishing, Vishing, and Smishing",Vishing,THIRD-PARTY,NARCF4-00014.txt,City: Ranchi | Author: u/One_Kick3725 | Score: 1 | Reddit ID: 1bz4xl6
175lkq0,NARCF4-00015,2026-04-11,YOUR NAME HERE,Reddit r/Ranchi,reddit.com,2023-10-12,Money fraud person in ranchi,https://www.reddit.com/r/ranchi/comments/175lkq0/money_fraud_person_in_ranchi/,fraud call,"Phishing, Vishing, and Smishing",Vishing,THIRD-PARTY,NARCF4-00015.txt,City: Ranchi | Author: u/Popular-Ruin34 | Score: 1 | Reddit ID: 175lkq0
13ahsm3,NARCF4-00016,2026-04-11,YOUR NAME HERE,Reddit r/Ranchi,reddit.com,2023-05-07,Crypto aware ....,https://www.reddit.com/r/ranchi/comments/13ahsm3/crypto_aware/,fraud call,"Phishing, Vishing, and Smishing",Vishing,THIRD-PARTY,NARCF4-00016.txt,City: Ranchi | Author: u/PsychologicalTwist87 | Score: 2 | Reddit ID: 13ahsm3
1ga95w1,NARCF4-00017,2026-04-11,YOUR NAME HERE,Reddit r/Ranchi,reddit.com,2024-10-23,Where can I rent car near Church Road?,https://www.reddit.com/r/ranchi/comments/1ga95w1/where_can_i_rent_car_near_church_road/,trust scam,Social Engineering and Romance/Sextortion,Social Engineering,THIRD-PARTY,NARCF4-00017.txt,City: Ranchi | Author: u/unpossibletohandle | Score: 1 | Reddit ID: 1ga95w1
1bxcg0z,NARCF4-00018,2026-04-11,YOUR NAME HERE,Reddit r/Ranchi,reddit.com,2024-04-06,5years friendship/trust Changes into Scam just for money,https://www.reddit.com/r/ranchi/comments/1bxcg0z/5years_friendshiptrust_changes_into_scam_just_for/,trust scam,Social Engineering and Romance/Sextortion,Social Engineering,THIRD-PARTY,NARCF4-00018.txt,City: Ranchi | Author: u/After-Ad-5316 | Score: 1 | Reddit ID: 1bxcg0z
1ez65dg,NARCF4-00019,2026-04-11,YOUR NAME HERE,Reddit r/Ranchi,reddit.com,2024-08-23,A dangerous voice cloning scam. ,https://www.reddit.com/r/ranchi/comments/1ez65dg/a_dangerous_voice_cloning_scam/,voice cloning scam,Emerging and Miscellaneous Fraud Types,Deepfake Fraud,THIRD-PARTY,NARCF4-00019.txt,City: Ranchi | Author: u/Nitro5Rigger | Score: 1 | Reddit ID: 1ez65dg
1ebzxkw,NARCF4-00020,2026-04-11,YOUR NAME HERE,Reddit r/Ranchi,reddit.com,2024-07-25,"Electricity bill update"".apk"" [New Scam]",https://www.reddit.com/r/ranchi/comments/1ebzxkw/electricity_bill_updateapk_new_scam/,electricity bill scam,Emerging and Miscellaneous Fraud Types,Utility Scam,THIRD-PARTY,NARCF4-00020.txt,City: Ranchi | Author: u/Ankur304 | Score: 1 | Reddit ID: 1ebzxkw
1ijkiz4,NARCF4-00021,2026-04-11,YOUR NAME HERE,Reddit r/Bhubaneswar,reddit.com,2025-02-07,Beware of Rental Scam in Bhubaneswar,https://www.reddit.com/r/Bhubaneswar/comments/1ijkiz4/beware_of_rental_scam_in_bhubaneswar/,cyber crime,General Cybercrime / Cyber Fraud Terms,General Cybercrime,NEAR-MISS,NARCF4-00021.txt,City: Bhubaneswar | Author: u/Electronic_Duty_7052 | Score: 1 | Reddit ID: 1ijkiz4
1g9dm0s,NARCF4-00022,2026-04-11,YOUR NAME HERE,Reddit r/Bhubaneswar,reddit.com,2024-10-22,Understanding mindset of a Troll! ,https://www.reddit.com/r/Bhubaneswar/comments/1g9dm0s/understanding_mindset_of_a_troll/,cyber crime,General Cybercrime / Cyber Fraud Terms,General Cybercrime,THIRD-PARTY,NARCF4-00022.txt,City: Bhubaneswar | Author: u/Government-is-shit | Score: 1 | Reddit ID: 1g9dm0s
1g6drbi,NARCF4-00023,2026-04-11,YOUR NAME HERE,Reddit r/Bhubaneswar,reddit.com,2024-10-18,There’s a sub called bhonsor gone wild and it’s terrible ,https://www.reddit.com/r/Bhubaneswar/comments/1g6drbi/theres_a_sub_called_bhonsor_gone_wild_and_its/,cyber crime,General Cybercrime / Cyber Fraud Terms,General Cybercrime,THIRD-PARTY,NARCF4-00023.txt,City: Bhubaneswar | Author: u/curiouscat_92 | Score: 1 | Reddit ID: 1g6drbi
1fe4ye0,NARCF4-00024,2026-04-11,YOUR NAME HERE,Reddit r/Bhubaneswar,reddit.com,2024-09-11,Help needed any law students or lawyer or police or any cyber crime related person available??,https://www.reddit.com/r/Bhubaneswar/comments/1fe4ye0/help_needed_any_law_students_or_lawyer_or_police/,cyber crime,General Cybercrime / Cyber Fraud Terms,General Cybercrime,THIRD-PARTY,NARCF4-00024.txt,City: Bhubaneswar | Author: u/darshita26sh | Score: 1 | Reddit ID: 1fe4ye0
1kaj367,NARCF4-00025,2026-04-11,YOUR NAME HERE,Reddit r/Bhubaneswar,reddit.com,2025-04-29,Got scammed ₹2000 online — is Bhubaneswar police helpful in such cases?,https://www.reddit.com/r/Bhubaneswar/comments/1kaj367/got_scammed_2000_online_is_bhubaneswar_police/,cybercrime,General Cybercrime / Cyber Fraud Terms,General Cybercrime,THIRD-PARTY,NARCF4-00025.txt,City: Bhubaneswar | Author: u/CompetitiveParty2396 | Score: 1 | Reddit ID: 1kaj367
1j72bg2,NARCF4-00026,2026-04-11,YOUR NAME HERE,Reddit r/Bhubaneswar,reddit.com,2025-03-09,From Offline to Online – Bhubaneswar is Trapped in a Chakravyuh of Auto Mafia!,https://www.reddit.com/r/Bhubaneswar/comments/1j72bg2/from_offline_to_online_bhubaneswar_is_trapped_in/,online scam,General Cybercrime / Cyber Fraud Terms,Cyber Scam,NEAR-MISS,NARCF4-00026.txt,City: Bhubaneswar | Author: u/bluetitancfc13 | Score: 1 | Reddit ID: 1j72bg2
1j5ghjp,NARCF4-00027,2026-04-11,YOUR NAME HERE,Reddit r/Bhubaneswar,reddit.com,2025-03-07,Best refurbished phone/camera store at genuine price ?,https://www.reddit.com/r/Bhubaneswar/comments/1j5ghjp/best_refurbished_phonecamera_store_at_genuine/,online scam,General Cybercrime / Cyber Fraud Terms,Cyber Scam,THIRD-PARTY,NARCF4-00027.txt,City: Bhubaneswar | Author: u/Plane-Banana745 | Score: 1 | Reddit ID: 1j5ghjp
1j0ch9v,NARCF4-00028,2026-04-11,YOUR NAME HERE,Reddit r/Bhubaneswar,reddit.com,2025-02-28,"SCAM ALERT! Prime Meats (7328880920) - Took my money, blocked me, no delivery!",https://www.reddit.com/r/Bhubaneswar/comments/1j0ch9v/scam_alert_prime_meats_7328880920_took_my_money/,online scam,General Cybercrime / Cyber Fraud Terms,Cyber Scam,NEAR-MISS,NARCF4-00028.txt,City: Bhubaneswar | Author: u/Pristine-Coat-7648 | Score: 1 | Reddit ID: 1j0ch9v
1iiakfo,NARCF4-00029,2026-04-11,YOUR NAME HERE,Reddit r/Bhubaneswar,reddit.com,2025-02-05,Getting scammed :'),https://www.reddit.com/r/Bhubaneswar/comments/1iiakfo/getting_scammed/,online scam,General Cybercrime / Cyber Fraud Terms,Cyber Scam,THIRD-PARTY,NARCF4-00029.txt,City: Bhubaneswar | Author: u/ThunderEagle310 | Score: 1 | Reddit ID: 1iiakfo
1bb5rxk,NARCF4-00030,2026-04-11,YOUR NAME HERE,Reddit r/Bhubaneswar,reddit.com,2024-03-10,Tinder/Bumble SCAM !!,https://www.reddit.com/r/Bhubaneswar/comments/1bb5rxk/tinderbumble_scam/,online scam,General Cybercrime / Cyber Fraud Terms,Cyber Scam,THIRD-PARTY,NARCF4-00030.txt,City: Bhubaneswar | Author: u/irdaleen | Score: 1 | Reddit ID: 1bb5rxk
1adef1m,NARCF4-00031,2026-04-11,YOUR NAME HERE,Reddit r/Bhubaneswar,reddit.com,2024-01-29,Any Thrift stores in Bhubaneswar?,https://www.reddit.com/r/Bhubaneswar/comments/1adef1m/any_thrift_stores_in_bhubaneswar/,online scam,General Cybercrime / Cyber Fraud Terms,Cyber Scam,THIRD-PARTY,NARCF4-00031.txt,City: Bhubaneswar | Author: u/Affectionate_Hat439 | Score: 1 | Reddit ID: 1adef1m
18m1794,NARCF4-00032,2026-04-11,YOUR NAME HERE,Reddit r/Bhubaneswar,reddit.com,2023-12-19,Online cabs working cross cities,https://www.reddit.com/r/Bhubaneswar/comments/18m1794/online_cabs_working_cross_cities/,online scam,General Cybercrime / Cyber Fraud Terms,Cyber Scam,THIRD-PARTY,NARCF4-00032.txt,City: Bhubaneswar | Author: u/nemesis_peach | Score: 1 | Reddit ID: 18m1794
17649ka,NARCF4-00033,2026-04-11,YOUR NAME HERE,Reddit r/Bhubaneswar,reddit.com,2023-10-12,Pg near ravenshaw. Scam or Legit?,https://www.reddit.com/r/Bhubaneswar/comments/17649ka/pg_near_ravenshaw_scam_or_legit/,online scam,General Cybercrime / Cyber Fraud Terms,Cyber Scam,THIRD-PARTY,NARCF4-00033.txt,City: Bhubaneswar | Author: u/Middle_Complaint_947 | Score: 1 | Reddit ID: 17649ka
1gze7av,NARCF4-00034,2026-04-11,YOUR NAME HERE,Reddit r/Bhubaneswar,reddit.com,2024-11-25,Did I get scammed? Anyone with similar experience?,https://www.reddit.com/r/Bhubaneswar/comments/1gze7av/did_i_get_scammed_anyone_with_similar_experience/,UPI scam,UPI and Digital Payment Fraud,UPI Fraud,THIRD-PARTY,NARCF4-00034.txt,City: Bhubaneswar | Author: u/retrovize | Score: 1 | Reddit ID: 1gze7av
1em5vfa,NARCF4-00035,2026-04-11,YOUR NAME HERE,Reddit r/Bhubaneswar,reddit.com,2024-08-07,Urgent Requesting Advice: Unknown person credited money in my bank account in Bhubaneswar ,https://www.reddit.com/r/Bhubaneswar/comments/1em5vfa/urgent_requesting_advice_unknown_person_credited/,UPI scam,UPI and Digital Payment Fraud,UPI Fraud,VICTIM,NARCF4-00035.txt,City: Bhubaneswar | Author: u/krim_bizkit | Score: 1 | Reddit ID: 1em5vfa
1es34qz,NARCF4-00036,2026-04-11,YOUR NAME HERE,Reddit r/Bhubaneswar,reddit.com,2024-08-14,The not so curious case of Bitti Mohanty ,https://www.reddit.com/r/Bhubaneswar/comments/1es34qz/the_not_so_curious_case_of_bitti_mohanty/,fake arrest,Digital Arrest Scam,Digital Arrest,THIRD-PARTY,NARCF4-00036.txt,City: Bhubaneswar | Author: u/Opening_Collection35 | Score: 1 | Reddit ID: 1es34qz
1ivir16,NARCF4-00037,2026-04-11,YOUR NAME HERE,Reddit r/Bhubaneswar,reddit.com,2025-02-22,Predators/Groomers: THEY ARE CLOSER THAN YOU THINK!,https://www.reddit.com/r/Bhubaneswar/comments/1ivir16/predatorsgroomers_they_are_closer_than_you_think/,video call arrest,Digital Arrest Scam,Digital Arrest,THIRD-PARTY,NARCF4-00037.txt,City: Bhubaneswar | Author: u/Ok-Mouse-6259 | Score: 1 | Reddit ID: 1ivir16
zqtwep,NARCF4-00038,2026-04-11,YOUR NAME HERE,Reddit r/Bhubaneswar,reddit.com,2022-12-20,My experience of using bhubaneswar.me portal,https://www.reddit.com/r/Bhubaneswar/comments/zqtwep/my_experience_of_using_bhubaneswarme_portal/,fake website,"Phishing, Vishing, and Smishing",Phishing,THIRD-PARTY,NARCF4-00038.txt,City: Bhubaneswar | Author: u/hariomshankar | Score: 12 | Reddit ID: zqtwep
1jx9hrz,NARCF4-00039,2026-04-11,YOUR NAME HERE,Reddit r/Bhubaneswar,reddit.com,2025-04-12,Worst ac service or even any product after sales service : Godrej AC,https://www.reddit.com/r/Bhubaneswar/comments/1jx9hrz/worst_ac_service_or_even_any_product_after_sales/,fraud call,"Phishing, Vishing, and Smishing",Vishing,THIRD-PARTY,NARCF4-00039.txt,City: Bhubaneswar | Author: u/Formal-Anything-1598 | Score: 1 | Reddit ID: 1jx9hrz
1isygdr,NARCF4-00040,2026-04-11,YOUR NAME HERE,Reddit r/Bhubaneswar,reddit.com,2025-02-19,frauds babas and ignorant followers,https://www.reddit.com/r/Bhubaneswar/comments/1isygdr/frauds_babas_and_ignorant_followers/,fraud call,"Phishing, Vishing, and Smishing",Vishing,THIRD-PARTY,NARCF4-00040.txt,City: Bhubaneswar | Author: u/Cultural_Peanut_6359 | Score: 1 | Reddit ID: 1isygdr
1hdelta,NARCF4-00041,2026-04-11,YOUR NAME HERE,Reddit r/Bhubaneswar,reddit.com,2024-12-13,Fraud people in bbsr,https://www.reddit.com/r/Bhubaneswar/comments/1hdelta/fraud_people_in_bbsr/,fraud call,"Phishing, Vishing, and Smishing",Vishing,THIRD-PARTY,NARCF4-00041.txt,City: Bhubaneswar | Author: u/technoblogger123 | Score: 1 | Reddit ID: 1hdelta
1fdsjne,NARCF4-00042,2026-04-11,YOUR NAME HERE,Reddit r/Bhubaneswar,reddit.com,2024-09-11,Herbalife scam,https://www.reddit.com/r/Bhubaneswar/comments/1fdsjne/herbalife_scam/,fraud call,"Phishing, Vishing, and Smishing",Vishing,THIRD-PARTY,NARCF4-00042.txt,City: Bhubaneswar | Author: u/fada_pila | Score: 26 | Reddit ID: 1fdsjne
191t8hw,NARCF4-00043,2026-04-11,YOUR NAME HERE,Reddit r/Bhubaneswar,reddit.com,2024-01-09,I used to be one of the smart kids but now have become a complete shadow of my former self,https://www.reddit.com/r/Bhubaneswar/comments/191t8hw/i_used_to_be_one_of_the_smart_kids_but_now_have/,fraud call,"Phishing, Vishing, and Smishing",Vishing,NEAR-MISS,NARCF4-00043.txt,City: Bhubaneswar | Author: u/sidroy81 | Score: 1 | Reddit ID: 191t8hw
189ortz,NARCF4-00044,2026-04-11,YOUR NAME HERE,Reddit r/Bhubaneswar,reddit.com,2023-12-03,🚨Guys beware of this OLA 🚨OLA HAS BEEN scam! HACKED!😳,https://www.reddit.com/r/Bhubaneswar/comments/189ortz/guys_beware_of_this_ola_ola_has_been_scam_hacked/,fraud call,"Phishing, Vishing, and Smishing",Vishing,VICTIM,NARCF4-00044.txt,City: Bhubaneswar | Author: u/SeaweedUsual | Score: 1 | Reddit ID: 189ortz
1hko28d,NARCF4-00045,2026-04-11,YOUR NAME HERE,Reddit r/Bhubaneswar,reddit.com,2024-12-23,Part time Job Scam. Please Help!,https://www.reddit.com/r/Bhubaneswar/comments/1hko28d/part_time_job_scam_please_help/,part time job scam,Investment and Trading Fraud,Task Scam,THIRD-PARTY,NARCF4-00045.txt,City: Bhubaneswar | Author: u/SeriousArticle388 | Score: 1 | Reddit ID: 1hko28d
1e837g1,NARCF4-00046,2026-04-11,YOUR NAME HERE,Reddit r/Bhubaneswar,reddit.com,2024-07-21,I was almost scammed. Be very careful.,https://www.reddit.com/r/Bhubaneswar/comments/1e837g1/i_was_almost_scammed_be_very_careful/,identity theft,Identity Theft and Data Breach,Identity Theft,NEAR-MISS,NARCF4-00046.txt,City: Bhubaneswar | Author: u/BetterRub5687 | Score: 1 | Reddit ID: 1e837g1
1iw1alg,NARCF4-00047,2026-04-11,YOUR NAME HERE,Reddit r/Bhubaneswar,reddit.com,2025-02-23,OTV News is Way Too Biased Toward Baijayant Panda  (BJP),https://www.reddit.com/r/Bhubaneswar/comments/1iw1alg/otv_news_is_way_too_biased_toward_baijayant_panda/,trust scam,Social Engineering and Romance/Sextortion,Social Engineering,THIRD-PARTY,NARCF4-00047.txt,City: Bhubaneswar | Author: u/Sure_Vacation_7112 | Score: 1 | Reddit ID: 1iw1alg
170rtzl,NARCF4-00048,2026-04-11,YOUR NAME HERE,Reddit r/Bhubaneswar,reddit.com,2023-10-06,Looking for a plot,https://www.reddit.com/r/Bhubaneswar/comments/170rtzl/looking_for_a_plot/,trust scam,Social Engineering and Romance/Sextortion,Social Engineering,THIRD-PARTY,NARCF4-00048.txt,City: Bhubaneswar | Author: u/Expensive_Fall_8885 | Score: 1 | Reddit ID: 170rtzl
1c2fy1e,NARCF4-00049,2026-04-11,YOUR NAME HERE,Reddit r/Bhubaneswar,reddit.com,2024-04-12,Dating apps and to some extent dating sucks if you're an average middle-class introverted Indian guy,https://www.reddit.com/r/Bhubaneswar/comments/1c2fy1e/dating_apps_and_to_some_extent_dating_sucks_if/,romance scam,Social Engineering and Romance/Sextortion,Romance Scam,NEAR-MISS,NARCF4-00049.txt,City: Bhubaneswar | Author: u/sidroy81 | Score: 20 | Reddit ID: 1c2fy1e
1iyh6qp,NARCF4-00050,2026-04-11,YOUR NAME HERE,Reddit r/Bhubaneswar,reddit.com,2025-02-26,New scam in town,https://www.reddit.com/r/Bhubaneswar/comments/1iyh6qp/new_scam_in_town/,fake product scam,E-Commerce and Delivery Fraud,E-Commerce Fraud,THIRD-PARTY,NARCF4-00050.txt,City: Bhubaneswar | Author: u/Effective-Cell9211 | Score: 1 | Reddit ID: 1iyh6qp
1k520aw,NARCF4-00051,2026-04-11,YOUR NAME HERE,Reddit r/Bhubaneswar,reddit.com,2025-04-22,Uber Parcel Ride Scam,https://www.reddit.com/r/Bhubaneswar/comments/1k520aw/uber_parcel_ride_scam/,parcel scam,E-Commerce and Delivery Fraud,Delivery Fraud,NEAR-MISS,NARCF4-00051.txt,City: Bhubaneswar | Author: u/Rude_Part_5153 | Score: 10 | Reddit ID: 1k520aw
1f7atw8,NARCF4-00052,2026-04-11,YOUR NAME HERE,Reddit r/Bhubaneswar,reddit.com,2024-09-02,"Bhopal, Bhubaneswar, Bangalore, and Delhi - Uncovering the Dark Side of Social Media: Dick Pics, Slut Shaming, Rape Culture &amp; the Real Stories Behind It",https://www.reddit.com/r/Bhubaneswar/comments/1f7atw8/bhopal_bhubaneswar_bangalore_and_delhi_uncovering/,online harassment,Emerging and Miscellaneous Fraud Types,Cyber Stalking,THIRD-PARTY,NARCF4-00052.txt,City: Bhubaneswar | Author: u/Rough_Camera3291 | Score: 1 | Reddit ID: 1f7atw8
19csp0w,NARCF4-00053,2026-04-11,YOUR NAME HERE,Reddit r/Bhubaneswar,reddit.com,2024-01-22,How to deal with bipolar manic father?,https://www.reddit.com/r/Bhubaneswar/comments/19csp0w/how_to_deal_with_bipolar_manic_father/,online harassment,Emerging and Miscellaneous Fraud Types,Cyber Stalking,THIRD-PARTY,NARCF4-00053.txt,City: Bhubaneswar | Author: u/milky- | Score: 1 | Reddit ID: 19csp0w
16llva9,NARCF4-00054,2026-04-11,YOUR NAME HERE,Reddit r/Bhubaneswar,reddit.com,2023-09-18,Good therapists in Bhubaneswar,https://www.reddit.com/r/Bhubaneswar/comments/16llva9/good_therapists_in_bhubaneswar/,online harassment,Emerging and Miscellaneous Fraud Types,Cyber Stalking,THIRD-PARTY,NARCF4-00054.txt,City: Bhubaneswar | Author: u/dysfunctionalclutz | Score: 1 | Reddit ID: 16llva9
lwjj1w,NARCF4-00055,2026-04-11,YOUR NAME HERE,Reddit r/Salem,reddit.com,2021-03-03,"Don't go to ""Free Loaders Tavern""",https://www.reddit.com/r/SALEM/comments/lwjj1w/dont_go_to_free_loaders_tavern/,online fraud,General Cybercrime / Cyber Fraud Terms,General Cybercrime,THIRD-PARTY,NARCF4-00055.txt,City: Salem | Author: u/JonasAlbert84 | Score: 138 | Reddit ID: lwjj1w
17w9ic9,NARCF4-00056,2026-04-11,YOUR NAME HERE,Reddit r/Salem,reddit.com,2023-11-16,Random Package “From Kevin”,https://www.reddit.com/r/SALEM/comments/17w9ic9/random_package_from_kevin/,online scam,General Cybercrime / Cyber Fraud Terms,Cyber Scam,THIRD-PARTY,NARCF4-00056.txt,City: Salem | Author: u/hikingbotanist | Score: 1 | Reddit ID: 17w9ic9
1357cbk,NARCF4-00057,2026-04-11,YOUR NAME HERE,Reddit r/Salem,reddit.com,2023-05-02,"PSA: Solar companies and door to door sales or ""free energy assessments""",https://www.reddit.com/r/SALEM/comments/1357cbk/psa_solar_companies_and_door_to_door_sales_or/,online scam,General Cybercrime / Cyber Fraud Terms,Cyber Scam,THIRD-PARTY,NARCF4-00057.txt,City: Salem | Author: u/budlightguy | Score: 51 | Reddit ID: 1357cbk
ja2of0,NARCF4-00058,2026-04-11,YOUR NAME HERE,Reddit r/Salem,reddit.com,2020-10-13,"Recommendations: Seeking to rent a house, yeah with pets",https://www.reddit.com/r/SALEM/comments/ja2of0/recommendations_seeking_to_rent_a_house_yeah_with/,internet scam,General Cybercrime / Cyber Fraud Terms,Cyber Scam,THIRD-PARTY,NARCF4-00058.txt,City: Salem | Author: u/cleverdesigner | Score: 31 | Reddit ID: ja2of0
4o4b3p,NARCF4-00059,2026-04-11,YOUR NAME HERE,Reddit r/Salem,reddit.com,2016-06-15,Moving to Stayton and ISPs all seem terrible,https://www.reddit.com/r/SALEM/comments/4o4b3p/moving_to_stayton_and_isps_all_seem_terrible/,internet scam,General Cybercrime / Cyber Fraud Terms,Cyber Scam,THIRD-PARTY,NARCF4-00059.txt,City: Salem | Author: u/Daliik | Score: 6 | Reddit ID: 4o4b3p
1j9smxd,NARCF4-00060,2026-04-11,YOUR NAME HERE,Reddit r/Salem,reddit.com,2025-03-13,Toll Road Scam,https://www.reddit.com/r/SALEM/comments/1j9smxd/toll_road_scam/,phishing,"Phishing, Vishing, and Smishing",Phishing,THIRD-PARTY,NARCF4-00060.txt,City: Salem | Author: u/seabeeetle | Score: 1 | Reddit ID: 1j9smxd
giigyd,NARCF4-00061,2026-04-11,YOUR NAME HERE,Reddit r/Salem,reddit.com,2020-05-13,Moving to Salem &amp; Looking for a Roommate,https://www.reddit.com/r/SALEM/comments/giigyd/moving_to_salem_looking_for_a_roommate/,phishing,"Phishing, Vishing, and Smishing",Phishing,THIRD-PARTY,NARCF4-00061.txt,City: Salem | Author: u/Ezeoth | Score: 9 | Reddit ID: giigyd
18rsu8o,NARCF4-00062,2026-04-11,YOUR NAME HERE,Reddit r/Salem,reddit.com,2023-12-27,Christmas tree disposal?,https://www.reddit.com/r/SALEM/comments/18rsu8o/christmas_tree_disposal/,fake website,"Phishing, Vishing, and Smishing",Phishing,THIRD-PARTY,NARCF4-00062.txt,City: Salem | Author: u/Booyaah_rumham | Score: 1 | Reddit ID: 18rsu8o
ipioby,NARCF4-00063,2026-04-11,YOUR NAME HERE,Reddit r/Salem,reddit.com,2020-09-09,Fire Map Resources for NW Oregon/ Willamette Valley,https://www.reddit.com/r/SALEM/comments/ipioby/fire_map_resources_for_nw_oregon_willamette_valley/,fake website,"Phishing, Vishing, and Smishing",Phishing,THIRD-PARTY,NARCF4-00063.txt,City: Salem | Author: u/K80_k | Score: 165 | Reddit ID: ipioby
teg9pm,NARCF4-00064,2026-04-11,YOUR NAME HERE,Reddit r/Salem,reddit.com,2022-03-15,Crypto meetup,https://www.reddit.com/r/SALEM/comments/teg9pm/crypto_meetup/,crypto scam,Investment and Trading Fraud,Investment Scam,THIRD-PARTY,NARCF4-00064.txt,City: Salem | Author: u/PharmEx710 | Score: 0 | Reddit ID: teg9pm
11r82vl,NARCF4-00065,2026-04-11,YOUR NAME HERE,Reddit r/Salem,reddit.com,2023-03-14,Donate a breast pump?,https://www.reddit.com/r/SALEM/comments/11r82vl/donate_a_breast_pump/,pump and dump,Investment and Trading Fraud,Stock Market Fraud,THIRD-PARTY,NARCF4-00065.txt,City: Salem | Author: u/Fearless_Marzipan_78 | Score: 5 | Reddit ID: 11r82vl
1af6xyr,NARCF4-00066,2026-04-11,YOUR NAME HERE,Reddit r/Salem,reddit.com,2024-01-31,W-2 Stolen From Mail,https://www.reddit.com/r/SALEM/comments/1af6xyr/w2_stolen_from_mail/,identity theft,Identity Theft and Data Breach,Identity Theft,THIRD-PARTY,NARCF4-00066.txt,City: Salem | Author: u/BeanTutorials | Score: 1 | Reddit ID: 1af6xyr
4slnl7,NARCF4-00067,2026-04-11,YOUR NAME HERE,Reddit r/Salem,reddit.com,2016-07-13,Looking for personal recommendations,https://www.reddit.com/r/SALEM/comments/4slnl7/looking_for_personal_recommendations/,identity theft,Identity Theft and Data Breach,Identity Theft,THIRD-PARTY,NARCF4-00067.txt,City: Salem | Author: u/incognita1978 | Score: 9 | Reddit ID: 4slnl7
1j3kicu,NARCF4-00068,2026-04-11,YOUR NAME HERE,Reddit r/Salem,reddit.com,2025-03-05,Posted earlier but mods think its not related to Salem... So I'll try again... read below,https://www.reddit.com/r/SALEM/comments/1j3kicu/posted_earlier_but_mods_think_its_not_related_to/,data breach,Identity Theft and Data Breach,Data Breach,THIRD-PARTY,NARCF4-00068.txt,City: Salem | Author: u/LazyLaserWhittling | Score: 61 | Reddit ID: 1j3kicu
1j3dek8,NARCF4-00069,2026-04-11,YOUR NAME HERE,Reddit r/Salem,reddit.com,2025-03-04,"Data Breach has been discovered in the Veterinary App PetPage by AllyDVM. I f you use the App PetPage, Your email and password has been compromised.",https://www.reddit.com/r/SALEM/comments/1j3dek8/data_breach_has_been_discovered_in_the_veterinary/,data breach,Identity Theft and Data Breach,Data Breach,THIRD-PARTY,NARCF4-00069.txt,City: Salem | Author: u/LazyLaserWhittling | Score: 1 | Reddit ID: 1j3dek8
1bpx974,NARCF4-00070,2026-04-11,YOUR NAME HERE,Reddit r/Salem,reddit.com,2024-03-28,2nd post because i can’t comment a picture,https://www.reddit.com/r/SALEM/comments/1bpx974/2nd_post_because_i_cant_comment_a_picture/,data leak,Identity Theft and Data Breach,Data Breach,THIRD-PARTY,NARCF4-00070.txt,City: Salem | Author: u/ivxxlover | Score: 0 | Reddit ID: 1bpx974
1bpwoz1,NARCF4-00071,2026-04-11,YOUR NAME HERE,Reddit r/Salem,reddit.com,2024-03-28,salem keizer data leak?,https://www.reddit.com/r/SALEM/comments/1bpwoz1/salem_keizer_data_leak/,data leak,Identity Theft and Data Breach,Data Breach,THIRD-PARTY,NARCF4-00071.txt,City: Salem | Author: u/ivxxlover | Score: 1 | Reddit ID: 1bpwoz1
1hwzdm6,NARCF4-00072,2026-04-11,YOUR NAME HERE,Reddit r/Salem,reddit.com,2025-01-09,Anyone have any experience with HealthPass/Zion HealthShare?,https://www.reddit.com/r/SALEM/comments/1hwzdm6/anyone_have_any_experience_with_healthpasszion/,trust scam,Social Engineering and Romance/Sextortion,Social Engineering,THIRD-PARTY,NARCF4-00072.txt,City: Salem | Author: u/7Inches-11Bitches | Score: 1 | Reddit ID: 1hwzdm6
rjpnx3,NARCF4-00073,2026-04-11,YOUR NAME HERE,Reddit r/Salem,reddit.com,2021-12-19,Fake car recovery scam recommended to me by a user in this Reddit after my car was stolen they said they had my car and wanted $400 to send the cops don’t trust it.,https://www.reddit.com/r/SALEM/comments/rjpnx3/fake_car_recovery_scam_recommended_to_me_by_a/,trust scam,Social Engineering and Romance/Sextortion,Social Engineering,THIRD-PARTY,NARCF4-00073.txt,City: Salem | Author: u/MrWuCobra | Score: 58 | Reddit ID: rjpnx3
97uzru,NARCF4-00074,2026-04-11,YOUR NAME HERE,Reddit r/Salem,reddit.com,2018-08-17,Experiences with organized group cyber-bullying/harassment?,https://www.reddit.com/r/SALEM/comments/97uzru/experiences_with_organized_group/,cyber bullying,Emerging and Miscellaneous Fraud Types,Cyber Stalking,NEAR-MISS,NARCF4-00074.txt,City: Salem | Author: u/stop-cyber-now | Score: 0 | Reddit ID: 97uzru
1k7hsbs,NARCF4-00075,2026-04-11,YOUR NAME HERE,Reddit r/Warangal,reddit.com,2025-04-25,Need help for 2 wheeler rentals,https://www.reddit.com/r/warangal/comments/1k7hsbs/need_help_for_2_wheeler_rentals/,online scam,General Cybercrime / Cyber Fraud Terms,Cyber Scam,NEAR-MISS,NARCF4-00075.txt,City: Warangal | Author: u/Fun_Bird0888 | Score: 5 | Reddit ID: 1k7hsbs
1aspio0,NARCF4-00076,2026-04-11,YOUR NAME HERE,Reddit r/Warangal,reddit.com,2024-02-17,EKASHILA Hospital Fraud,https://www.reddit.com/r/warangal/comments/1aspio0/ekashila_hospital_fraud/,e-banking fraud,General Cybercrime / Cyber Fraud Terms,Financial Cyber Fraud,THIRD-PARTY,NARCF4-00076.txt,City: Warangal | Author: u/Ordinary_Use_1089 | Score: 1 | Reddit ID: 1aspio0
1gx0g7d,NARCF4-00077,2026-04-11,YOUR NAME HERE,Reddit r/Warangal,reddit.com,2024-11-22,Three fake ayurvedic doctors arrested in Warangal ,https://www.reddit.com/r/warangal/comments/1gx0g7d/three_fake_ayurvedic_doctors_arrested_in_warangal/,fake arrest,Digital Arrest Scam,Digital Arrest,THIRD-PARTY,NARCF4-00077.txt,City: Warangal | Author: u/mixindomie | Score: 1 | Reddit ID: 1gx0g7d
1jmv2k9,NARCF4-00078,2026-04-11,YOUR NAME HERE,Reddit r/Warangal,reddit.com,2025-03-30,Sub is undergoing Renovations. Need help.,https://www.reddit.com/r/warangal/comments/1jmv2k9/sub_is_undergoing_renovations_need_help/,pump and dump,Investment and Trading Fraud,Stock Market Fraud,THIRD-PARTY,NARCF4-00078.txt,City: Warangal | Author: u/arr_15 | Score: 3 | Reddit ID: 1jmv2k9
18uyxs5,NARCF4-00079,2026-04-11,YOUR NAME HERE,Reddit r/Amravati,reddit.com,2023-12-31,Strangers asking me to sit on their bike,https://www.reddit.com/r/Amravati/comments/18uyxs5/strangers_asking_me_to_sit_on_their_bike/,e-wallet scam,UPI and Digital Payment Fraud,Mobile Wallet Fraud,THIRD-PARTY,NARCF4-00079.txt,City: Amravati | Author: u/HiroshiramaSendjew | Score: 1 | Reddit ID: 18uyxs5
1g0basn,NARCF4-00080,2026-04-11,YOUR NAME HERE,Reddit r/Amravati,reddit.com,2024-10-10,Croma amravati is worst or all Croma stores are that bad?!,https://www.reddit.com/r/Amravati/comments/1g0basn/croma_amravati_is_worst_or_all_croma_stores_are/,fraud call,"Phishing, Vishing, and Smishing",Vishing,THIRD-PARTY,NARCF4-00080.txt,City: Amravati | Author: u/fuzzyduckboi | Score: 1 | Reddit ID: 1g0basn
1k8ie6p,NARCF4-00081,2026-04-11,YOUR NAME HERE,Reddit r/Noida,reddit.com,2025-04-26,This guy is troubling me a lot by putting my phone number in adult groups,https://www.reddit.com/r/noida/comments/1k8ie6p/this_guy_is_troubling_me_a_lot_by_putting_my/,cyber crime,General Cybercrime / Cyber Fraud Terms,General Cybercrime,THIRD-PARTY,NARCF4-00081.txt,City: Noida | Author: u/[deleted] | Score: 125 | Reddit ID: 1k8ie6p
1hetwuo,NARCF4-00082,2026-04-11,YOUR NAME HERE,Reddit r/Noida,reddit.com,2024-12-15,Location guide please ,https://www.reddit.com/r/noida/comments/1hetwuo/location_guide_please/,cyber crime,General Cybercrime / Cyber Fraud Terms,General Cybercrime,THIRD-PARTY,NARCF4-00082.txt,City: Noida | Author: u/Aromatic_Pop3540 | Score: 1 | Reddit ID: 1hetwuo
17qek18,NARCF4-00083,2026-04-11,YOUR NAME HERE,Reddit r/Noida,reddit.com,2023-11-08,"Any personal contact in Cyber crime in PS, Gautambudh Nagar?",https://www.reddit.com/r/noida/comments/17qek18/any_personal_contact_in_cyber_crime_in_ps/,cyber crime,General Cybercrime / Cyber Fraud Terms,General Cybercrime,THIRD-PARTY,NARCF4-00083.txt,City: Noida | Author: u/Intelligent_Lunch_80 | Score: 1 | Reddit ID: 17qek18
169t0h5,NARCF4-00084,2026-04-11,YOUR NAME HERE,Reddit r/Noida,reddit.com,2023-09-04,Don't take free money from telegram scams.,https://www.reddit.com/r/noida/comments/169t0h5/dont_take_free_money_from_telegram_scams/,cyber crime,General Cybercrime / Cyber Fraud Terms,General Cybercrime,THIRD-PARTY,NARCF4-00084.txt,City: Noida | Author: u/Own-Explanation2123 | Score: 1 | Reddit ID: 169t0h5
14t2ztm,NARCF4-00085,2026-04-11,YOUR NAME HERE,Reddit r/Noida,reddit.com,2023-07-07,Mother duped via olx and WhatsApp,https://www.reddit.com/r/noida/comments/14t2ztm/mother_duped_via_olx_and_whatsapp/,cyber crime,General Cybercrime / Cyber Fraud Terms,General Cybercrime,VICTIM,NARCF4-00085.txt,City: Noida | Author: u/Anxious-Argument-482 | Score: 11 | Reddit ID: 14t2ztm
1gmebfc,NARCF4-00086,2026-04-11,YOUR NAME HERE,Reddit r/Noida,reddit.com,2024-11-08,Just Dodged a Digital Arrest,https://www.reddit.com/r/noida/comments/1gmebfc/just_dodged_a_digital_arrest/,cyber fraud,General Cybercrime / Cyber Fraud Terms,General Cybercrime,THIRD-PARTY,NARCF4-00086.txt,City: Noida | Author: u/whyadiwhy | Score: 1 | Reddit ID: 1gmebfc
1headn9,NARCF4-00087,2026-04-11,YOUR NAME HERE,Reddit r/Noida,reddit.com,2024-12-15,Fraud done by an online store which operates from Noida! Kindly help!,https://www.reddit.com/r/noida/comments/1headn9/fraud_done_by_an_online_store_which_operates_from/,online fraud,General Cybercrime / Cyber Fraud Terms,General Cybercrime,NEAR-MISS,NARCF4-00087.txt,City: Noida | Author: u/humming-bird2323 | Score: 1 | Reddit ID: 1headn9
1clnutp,NARCF4-00088,2026-04-11,YOUR NAME HERE,Reddit r/Noida,reddit.com,2024-05-06,Scammers living in Noida.,https://www.reddit.com/r/noida/comments/1clnutp/scammers_living_in_noida/,online fraud,General Cybercrime / Cyber Fraud Terms,General Cybercrime,THIRD-PARTY,NARCF4-00088.txt,City: Noida | Author: u/Far-Ebb7115 | Score: 1 | Reddit ID: 1clnutp
12rom13,NARCF4-00089,2026-04-11,YOUR NAME HERE,Reddit r/Noida,reddit.com,2023-04-19,Need advice/ suggestion/ insight (if any),https://www.reddit.com/r/noida/comments/12rom13/need_advice_suggestion_insight_if_any/,online fraud,General Cybercrime / Cyber Fraud Terms,General Cybercrime,THIRD-PARTY,NARCF4-00089.txt,City: Noida | Author: u/let_juice | Score: 3 | Reddit ID: 12rom13
18fx804,NARCF4-00090,2026-04-11,YOUR NAME HERE,Reddit r/Noida,reddit.com,2023-12-11,Looking for 1BHK flat in Noida. URGENT HELP,https://www.reddit.com/r/noida/comments/18fx804/looking_for_1bhk_flat_in_noida_urgent_help/,digital fraud,General Cybercrime / Cyber Fraud Terms,General Cybercrime,THIRD-PARTY,NARCF4-00090.txt,City: Noida | Author: u/Justfunbliss | Score: 1 | Reddit ID: 18fx804
1ka1535,NARCF4-00091,2026-04-11,YOUR NAME HERE,Reddit r/Noida,reddit.com,2025-04-28,Online to Cash SCAM at Metro,https://www.reddit.com/r/noida/comments/1ka1535/online_to_cash_scam_at_metro/,online scam,General Cybercrime / Cyber Fraud Terms,Cyber Scam,THIRD-PARTY,NARCF4-00091.txt,City: Noida | Author: u/mohitxaggarwal | Score: 1 | Reddit ID: 1ka1535
1ho214o,NARCF4-00092,2026-04-11,YOUR NAME HERE,Reddit r/Noida,reddit.com,2024-12-28,22M Shifting to Noida (Sector 62) from Mumbai,https://www.reddit.com/r/noida/comments/1ho214o/22m_shifting_to_noida_sector_62_from_mumbai/,online scam,General Cybercrime / Cyber Fraud Terms,Cyber Scam,THIRD-PARTY,NARCF4-00092.txt,City: Noida | Author: u/bombboy47 | Score: 5 | Reddit ID: 1ho214o
11e5lxw,NARCF4-00093,2026-04-11,YOUR NAME HERE,Reddit r/Noida,reddit.com,2023-02-28,Noida waalo! Listen to my plea. Sahi decision lene ke liye help chaahiye. Details in text.,https://www.reddit.com/r/noida/comments/11e5lxw/noida_waalo_listen_to_my_plea_sahi_decision_lene/,online scam,General Cybercrime / Cyber Fraud Terms,Cyber Scam,THIRD-PARTY,NARCF4-00093.txt,City: Noida | Author: u/J3kaReddit | Score: 8 | Reddit ID: 11e5lxw
1imqi6f,NARCF4-00094,2026-04-11,YOUR NAME HERE,Reddit r/Noida,reddit.com,2025-02-11,Karol Bagh Consulatancy Scam,https://www.reddit.com/r/noida/comments/1imqi6f/karol_bagh_consulatancy_scam/,internet scam,General Cybercrime / Cyber Fraud Terms,Cyber Scam,THIRD-PARTY,NARCF4-00094.txt,City: Noida | Author: u/Bharadwaj- | Score: 1 | Reddit ID: 1imqi6f
1in5onq,NARCF4-00095,2026-04-11,YOUR NAME HERE,Reddit r/Noida,reddit.com,2025-02-12,Online MBA Exam cheating Tips,https://www.reddit.com/r/noida/comments/1in5onq/online_mba_exam_cheating_tips/,online cheating,General Cybercrime / Cyber Fraud Terms,Cyber Scam,THIRD-PARTY,NARCF4-00095.txt,City: Noida | Author: u/Creative-Zombie2577 | Score: 1 | Reddit ID: 1in5onq
1i624g9,NARCF4-00096,2026-04-11,YOUR NAME HERE,Reddit r/Noida,reddit.com,2025-01-21,Beware of Scammer – Amit Chandra Tiwari,https://www.reddit.com/r/noida/comments/1i624g9/beware_of_scammer_amit_chandra_tiwari/,UPI fraud,UPI and Digital Payment Fraud,UPI Fraud,VICTIM,NARCF4-00096.txt,City: Noida | Author: u/SlipperyBanana77 | Score: 1 | Reddit ID: 1i624g9
1hxzfb8,NARCF4-00097,2026-04-11,YOUR NAME HERE,Reddit r/Noida,reddit.com,2025-01-10,Beware of Potential Fundraising Fraud: A User's Suspicious Activity Exposed ,https://www.reddit.com/r/noida/comments/1hxzfb8/beware_of_potential_fundraising_fraud_a_users/,UPI fraud,UPI and Digital Payment Fraud,UPI Fraud,NEAR-MISS,NARCF4-00097.txt,City: Noida | Author: u/[deleted] | Score: 1 | Reddit ID: 1hxzfb8
1evunax,NARCF4-00098,2026-04-11,YOUR NAME HERE,Reddit r/Noida,reddit.com,2024-08-19,New Scam Unlocked: Cash against UPI at liquor shops.,https://www.reddit.com/r/noida/comments/1evunax/new_scam_unlocked_cash_against_upi_at_liquor_shops/,UPI scam,UPI and Digital Payment Fraud,UPI Fraud,NEAR-MISS,NARCF4-00098.txt,City: Noida | Author: u/goRobust | Score: 1 | Reddit ID: 1evunax
1evums6,NARCF4-00099,2026-04-11,YOUR NAME HERE,Reddit r/Noida,reddit.com,2024-08-19,New Scam Unlocked: Cash against UPI at liquor shops.,https://www.reddit.com/r/noida/comments/1evums6/new_scam_unlocked_cash_against_upi_at_liquor_shops/,UPI scam,UPI and Digital Payment Fraud,UPI Fraud,NEAR-MISS,NARCF4-00099.txt,City: Noida | Author: u/Go_Robust_w | Score: 1 | Reddit ID: 1evums6
og3sgz,NARCF4-00100,2026-04-11,YOUR NAME HERE,Reddit r/Noida,reddit.com,2021-07-08,Possible Illegal Parking scam at Sector 18 NOIDA,https://www.reddit.com/r/noida/comments/og3sgz/possible_illegal_parking_scam_at_sector_18_noida/,UPI scam,UPI and Digital Payment Fraud,UPI Fraud,THIRD-PARTY,NARCF4-00100.txt,City: Noida | Author: u/Zsfhy | Score: 6 | Reddit ID: og3sgz
1j93obs,NARCF4-00101,2026-04-11,YOUR NAME HERE,Reddit r/Noida,reddit.com,2025-03-12,Beware of Go4Explore a travel company of 4pillars– Scam Alert!,https://www.reddit.com/r/noida/comments/1j93obs/beware_of_go4explore_a_travel_company_of_4pillars/,Google Pay fraud,UPI and Digital Payment Fraud,UPI Fraud,NEAR-MISS,NARCF4-00101.txt,City: Noida | Author: u/No-Session4458 | Score: 1 | Reddit ID: 1j93obs
1h2lu7k,NARCF4-00102,2026-04-11,YOUR NAME HERE,Reddit r/Noida,reddit.com,2024-11-29,Glitch or scam? #Ola drivers ,https://www.reddit.com/r/noida/comments/1h2lu7k/glitch_or_scam_ola_drivers/,OTP scam,OTP and Authentication Fraud,OTP Fraud,THIRD-PARTY,NARCF4-00102.txt,City: Noida | Author: u/Remote-Suit3463 | Score: 1 | Reddit ID: 1h2lu7k
1gmeb6b,NARCF4-00103,2026-04-11,YOUR NAME HERE,Reddit r/Noida,reddit.com,2024-11-08,Just Dodged a Digital Arrest,https://www.reddit.com/r/noida/comments/1gmeb6b/just_dodged_a_digital_arrest/,digital arrest,Digital Arrest Scam,Digital Arrest,THIRD-PARTY,NARCF4-00103.txt,City: Noida | Author: u/[deleted] | Score: 1 | Reddit ID: 1gmeb6b
1jmhjrm,NARCF4-00104,2026-04-11,YOUR NAME HERE,Reddit r/Noida,reddit.com,2025-03-29,Green Ribbon School Child being physically assaulted at school by teachers,https://www.reddit.com/r/noida/comments/1jmhjrm/green_ribbon_school_child_being_physically/,video call arrest,Digital Arrest Scam,Digital Arrest,THIRD-PARTY,NARCF4-00104.txt,City: Noida | Author: u/SodiumZincate | Score: 1 | Reddit ID: 1jmhjrm
1eijhc6,NARCF4-00105,2026-04-11,YOUR NAME HERE,Reddit r/Noida,reddit.com,2024-08-03,Discussion: Phishing ,https://www.reddit.com/r/noida/comments/1eijhc6/discussion_phishing/,phishing,"Phishing, Vishing, and Smishing",Phishing,THIRD-PARTY,NARCF4-00105.txt,City: Noida | Author: u/pryrnjn | Score: 1 | Reddit ID: 1eijhc6
14fuvsy,NARCF4-00106,2026-04-11,YOUR NAME HERE,Reddit r/Noida,reddit.com,2023-06-22,[HELP] How do I find flats for rent?,https://www.reddit.com/r/noida/comments/14fuvsy/help_how_do_i_find_flats_for_rent/,fake website,"Phishing, Vishing, and Smishing",Phishing,THIRD-PARTY,NARCF4-00106.txt,City: Noida | Author: u/idk_anymore_2k | Score: 3 | Reddit ID: 14fuvsy
1k8qitc,NARCF4-00107,2026-04-11,YOUR NAME HERE,Reddit r/Noida,reddit.com,2025-04-27,Kyno health - unethical home care company,https://www.reddit.com/r/noida/comments/1k8qitc/kyno_health_unethical_home_care_company/,fraud call,"Phishing, Vishing, and Smishing",Vishing,THIRD-PARTY,NARCF4-00107.txt,City: Noida | Author: u/Dickus_minimi001 | Score: 1 | Reddit ID: 1k8qitc
1iz8oiq,NARCF4-00108,2026-04-11,YOUR NAME HERE,Reddit r/Noida,reddit.com,2025-02-27,12th student received a legal notice from noida institute Counsel India Scam.,https://www.reddit.com/r/noida/comments/1iz8oiq/12th_student_received_a_legal_notice_from_noida/,fraud call,"Phishing, Vishing, and Smishing",Vishing,THIRD-PARTY,NARCF4-00108.txt,City: Noida | Author: u/Civil_Dig4741 | Score: 1 | Reddit ID: 1iz8oiq
1ftnopj,NARCF4-00109,2026-04-11,YOUR NAME HERE,Reddit r/Noida,reddit.com,2024-10-01,Rossette grand vacation Scam by Krishna and Jitesh,https://www.reddit.com/r/noida/comments/1ftnopj/rossette_grand_vacation_scam_by_krishna_and_jitesh/,fraud call,"Phishing, Vishing, and Smishing",Vishing,THIRD-PARTY,NARCF4-00109.txt,City: Noida | Author: u/Mayur1717 | Score: 1 | Reddit ID: 1ftnopj
1dzpvbq,NARCF4-00110,2026-04-11,YOUR NAME HERE,Reddit r/Noida,reddit.com,2024-07-10,Help a brother out please!!!,https://www.reddit.com/r/noida/comments/1dzpvbq/help_a_brother_out_please/,fraud call,"Phishing, Vishing, and Smishing",Vishing,THIRD-PARTY,NARCF4-00110.txt,City: Noida | Author: u/Horror_Ganache_1378 | Score: 1 | Reddit ID: 1dzpvbq
13cqs28,NARCF4-00111,2026-04-11,YOUR NAME HERE,Reddit r/Noida,reddit.com,2023-05-09,how Snapchat know about this? 💀 (extreme data leak),https://www.reddit.com/r/noida/comments/13cqs28/how_snapchat_know_about_this_extreme_data_leak/,data leak,Identity Theft and Data Breach,Data Breach,THIRD-PARTY,NARCF4-00111.txt,City: Noida | Author: u/watch_theredroom | Score: 1 | Reddit ID: 13cqs28
1ieddlc,NARCF4-00112,2026-04-11,YOUR NAME HERE,Reddit r/Noida,reddit.com,2025-01-31,Cng scam parthala chowk IGL,https://www.reddit.com/r/noida/comments/1ieddlc/cng_scam_parthala_chowk_igl/,trust scam,Social Engineering and Romance/Sextortion,Social Engineering,NEAR-MISS,NARCF4-00112.txt,City: Noida | Author: u/Particular_Whereas69 | Score: 1 | Reddit ID: 1ieddlc
1eyg3ak,NARCF4-00113,2026-04-11,YOUR NAME HERE,Reddit r/Noida,reddit.com,2024-08-22,Where to Buy Genuine PC Components in Delhi/NCR Without Getting Scammed? ,https://www.reddit.com/r/noida/comments/1eyg3ak/where_to_buy_genuine_pc_components_in_delhincr/,trust scam,Social Engineering and Romance/Sextortion,Social Engineering,THIRD-PARTY,NARCF4-00113.txt,City: Noida | Author: u/Shashank0409 | Score: 1 | Reddit ID: 1eyg3ak
15iwqm6,NARCF4-00114,2026-04-11,YOUR NAME HERE,Reddit r/Noida,reddit.com,2023-08-05,Laptop upgrade,https://www.reddit.com/r/noida/comments/15iwqm6/laptop_upgrade/,trust scam,Social Engineering and Romance/Sextortion,Social Engineering,THIRD-PARTY,NARCF4-00114.txt,City: Noida | Author: u/Downtown_Benefit5378 | Score: 2 | Reddit ID: 15iwqm6
1gqzfak,NARCF4-00115,2026-04-11,YOUR NAME HERE,Reddit r/Noida,reddit.com,2024-11-14,Trusted Forex shops in noida ext for thailand trip,https://www.reddit.com/r/noida/comments/1gqzfak/trusted_forex_shops_in_noida_ext_for_thailand_trip/,fake delivery,E-Commerce and Delivery Fraud,Delivery Fraud,THIRD-PARTY,NARCF4-00115.txt,City: Noida | Author: u/Classic-Ad8335 | Score: 1 | Reddit ID: 1gqzfak
1j1qehg,NARCF4-00116,2026-04-11,YOUR NAME HERE,Reddit r/Jamshedpur,reddit.com,2025-03-02,"Deoghar Cyber Fraud: पीएम किसान योजना के नाम पर साइबर ठगी करने वाले 12 आरोपी गिरफ्तार, फर्जी अधिकारी बनकर ऐसे देते थे झांसा",https://www.reddit.com/r/Jamshedpur/comments/1j1qehg/deoghar_cyber_fraud_पएम_कसन_यजन_क_नम_पर_सइबर_ठग/,cyber fraud,General Cybercrime / Cyber Fraud Terms,General Cybercrime,THIRD-PARTY,NARCF4-00116.txt,City: Jamshedpur | Author: u/SufficientLeek6891 | Score: 1 | Reddit ID: 1j1qehg
1dml6dj,NARCF4-00117,2026-04-11,YOUR NAME HERE,Reddit r/Jamshedpur,reddit.com,2024-06-23,International Cyber Fraud Ring Busted in Jamshedpur,https://www.reddit.com/r/Jamshedpur/comments/1dml6dj/international_cyber_fraud_ring_busted_in/,cyber fraud,General Cybercrime / Cyber Fraud Terms,General Cybercrime,THIRD-PARTY,NARCF4-00117.txt,City: Jamshedpur | Author: u/RubOk338 | Score: 1 | Reddit ID: 1dml6dj
zwcl4b,NARCF4-00118,2026-04-11,YOUR NAME HERE,Reddit r/Kochi,reddit.com,2022-12-27,Recovering scammed ETH,https://www.reddit.com/r/Kochi/comments/zwcl4b/recovering_scammed_eth/,cyber crime,General Cybercrime / Cyber Fraud Terms,General Cybercrime,VICTIM,NARCF4-00118.txt,City: Kochi | Author: u/Steve_1982 | Score: 3 | Reddit ID: zwcl4b
1g41t1b,NARCF4-00119,2026-04-11,YOUR NAME HERE,Reddit r/Kochi,reddit.com,2024-10-15,Savings account closure without intimation Utkarsh small finance bank,https://www.reddit.com/r/Kochi/comments/1g41t1b/savings_account_closure_without_intimation/,cybercrime,General Cybercrime / Cyber Fraud Terms,General Cybercrime,VICTIM,NARCF4-00119.txt,City: Kochi | Author: u/distobserver | Score: 6 | Reddit ID: 1g41t1b
1i9i1vn,NARCF4-00120,2026-04-11,YOUR NAME HERE,Reddit r/Kochi,reddit.com,2025-01-25,How to stop the cyber security warning when call,https://www.reddit.com/r/Kochi/comments/1i9i1vn/how_to_stop_the_cyber_security_warning_when_call/,cyber fraud,General Cybercrime / Cyber Fraud Terms,General Cybercrime,NEAR-MISS,NARCF4-00120.txt,City: Kochi | Author: u/GayGandu69 | Score: 1 | Reddit ID: 1i9i1vn
1fs6tqb,NARCF4-00121,2026-04-11,YOUR NAME HERE,Reddit r/Kochi,reddit.com,2024-09-29,"Cyber fraud grips Kochi, 10 people lose Rs 1.9 crore in a single day",https://www.reddit.com/r/Kochi/comments/1fs6tqb/cyber_fraud_grips_kochi_10_people_lose_rs_19/,cyber fraud,General Cybercrime / Cyber Fraud Terms,General Cybercrime,THIRD-PARTY,NARCF4-00121.txt,City: Kochi | Author: u/SJv1 | Score: 7 | Reddit ID: 1fs6tqb
1d7mdjf,NARCF4-00122,2026-04-11,YOUR NAME HERE,Reddit r/Kochi,reddit.com,2024-06-04,Got scammed by callers.,https://www.reddit.com/r/Kochi/comments/1d7mdjf/got_scammed_by_callers/,cyber fraud,General Cybercrime / Cyber Fraud Terms,General Cybercrime,THIRD-PARTY,NARCF4-00122.txt,City: Kochi | Author: u/practicalwoman | Score: 1 | Reddit ID: 1d7mdjf
1i0c9nr,NARCF4-00123,2026-04-11,YOUR NAME HERE,Reddit r/Kochi,reddit.com,2025-01-13,New scam(or not). Beware of online housing rental websites.,https://www.reddit.com/r/Kochi/comments/1i0c9nr/new_scamor_not_beware_of_online_housing_rental/,online scam,General Cybercrime / Cyber Fraud Terms,Cyber Scam,NEAR-MISS,NARCF4-00123.txt,City: Kochi | Author: u/wandercupid | Score: 1 | Reddit ID: 1i0c9nr
1g1rd1k,NARCF4-00124,2026-04-11,YOUR NAME HERE,Reddit r/Kochi,reddit.com,2024-10-12,Is studying and working abroad really worth the struggle,https://www.reddit.com/r/Kochi/comments/1g1rd1k/is_studying_and_working_abroad_really_worth_the/,online scam,General Cybercrime / Cyber Fraud Terms,Cyber Scam,THIRD-PARTY,NARCF4-00124.txt,City: Kochi | Author: u/Aura-Nora | Score: 1 | Reddit ID: 1g1rd1k
1eswf5b,NARCF4-00125,2026-04-11,YOUR NAME HERE,Reddit r/Kochi,reddit.com,2024-08-15,"(Trigger warning: SA, SH) The brutal rape and murder of a female doctor ",https://www.reddit.com/r/Kochi/comments/1eswf5b/trigger_warning_sa_sh_the_brutal_rape_and_murder/,online scam,General Cybercrime / Cyber Fraud Terms,Cyber Scam,NEAR-MISS,NARCF4-00125.txt,City: Kochi | Author: u/Such-Plastic5163 | Score: 1 | Reddit ID: 1eswf5b
1db87oh,NARCF4-00126,2026-04-11,YOUR NAME HERE,Reddit r/Kochi,reddit.com,2024-06-08,Is marriage really a business In Kerala? ,https://www.reddit.com/r/Kochi/comments/1db87oh/is_marriage_really_a_business_in_kerala/,online scam,General Cybercrime / Cyber Fraud Terms,Cyber Scam,THIRD-PARTY,NARCF4-00126.txt,City: Kochi | Author: u/Picaboo- | Score: 1 | Reddit ID: 1db87oh
1ckpo9u,NARCF4-00127,2026-04-11,YOUR NAME HERE,Reddit r/Kochi,reddit.com,2024-05-05,Beware of Donation Scams,https://www.reddit.com/r/Kochi/comments/1ckpo9u/beware_of_donation_scams/,online scam,General Cybercrime / Cyber Fraud Terms,Cyber Scam,NEAR-MISS,NARCF4-00127.txt,City: Kochi | Author: u/riseabovehat3 | Score: 1 | Reddit ID: 1ckpo9u
18ah8ac,NARCF4-00128,2026-04-11,YOUR NAME HERE,Reddit r/Kochi,reddit.com,2023-12-04,Hai..Suggestions for Part time job,https://www.reddit.com/r/Kochi/comments/18ah8ac/haisuggestions_for_part_time_job/,online scam,General Cybercrime / Cyber Fraud Terms,Cyber Scam,THIRD-PARTY,NARCF4-00128.txt,City: Kochi | Author: u/enigmaticgeo7 | Score: 1 | Reddit ID: 18ah8ac
1ii4ezr,NARCF4-00129,2026-04-11,YOUR NAME HERE,Reddit r/Kochi,reddit.com,2025-02-05,Update on the suicidal post from yesterday,https://www.reddit.com/r/Kochi/comments/1ii4ezr/update_on_the_suicidal_post_from_yesterday/,UPI scam,UPI and Digital Payment Fraud,UPI Fraud,THIRD-PARTY,NARCF4-00129.txt,City: Kochi | Author: u/savourybipolar | Score: 149 | Reddit ID: 1ii4ezr
1e7w6al,NARCF4-00130,2026-04-11,YOUR NAME HERE,Reddit r/Kochi,reddit.com,2024-07-20,Got money from unkown person in phonepay bussiness,https://www.reddit.com/r/Kochi/comments/1e7w6al/got_money_from_unkown_person_in_phonepay_bussiness/,UPI scam,UPI and Digital Payment Fraud,UPI Fraud,THIRD-PARTY,NARCF4-00130.txt,City: Kochi | Author: u/legenified | Score: 1 | Reddit ID: 1e7w6al
1ax57bq,NARCF4-00131,2026-04-11,YOUR NAME HERE,Reddit r/Kochi,reddit.com,2024-02-22,"Help Needed: Scammed on Instagram, Seeking Community Support",https://www.reddit.com/r/Kochi/comments/1ax57bq/help_needed_scammed_on_instagram_seeking/,UPI scam,UPI and Digital Payment Fraud,UPI Fraud,THIRD-PARTY,NARCF4-00131.txt,City: Kochi | Author: u/mrchaivinist | Score: 1 | Reddit ID: 1ax57bq
1k2sx07,NARCF4-00132,2026-04-11,YOUR NAME HERE,Reddit r/Kochi,reddit.com,2025-04-19,E-kart is a scam that doesn't deliver their orders,https://www.reddit.com/r/Kochi/comments/1k2sx07/ekart_is_a_scam_that_doesnt_deliver_their_orders/,e-wallet scam,UPI and Digital Payment Fraud,Mobile Wallet Fraud,THIRD-PARTY,NARCF4-00132.txt,City: Kochi | Author: u/Pixulpushr | Score: 1 | Reddit ID: 1k2sx07
1hx6dl3,NARCF4-00133,2026-04-11,YOUR NAME HERE,Reddit r/Kochi,reddit.com,2025-01-09,Got scammed by Swiggy delivery guy,https://www.reddit.com/r/Kochi/comments/1hx6dl3/got_scammed_by_swiggy_delivery_guy/,OTP fraud,OTP and Authentication Fraud,OTP Fraud,THIRD-PARTY,NARCF4-00133.txt,City: Kochi | Author: u/BoyWithThePlan | Score: 1 | Reddit ID: 1hx6dl3
1b2t06g,NARCF4-00134,2026-04-11,YOUR NAME HERE,Reddit r/Kochi,reddit.com,2024-02-29,Spam call asking for my otp,https://www.reddit.com/r/Kochi/comments/1b2t06g/spam_call_asking_for_my_otp/,OTP fraud,OTP and Authentication Fraud,OTP Fraud,THIRD-PARTY,NARCF4-00134.txt,City: Kochi | Author: u/Altruistic-Draft7516 | Score: 1 | Reddit ID: 1b2t06g
1hsj6yc,NARCF4-00135,2026-04-11,YOUR NAME HERE,Reddit r/Kochi,reddit.com,2025-01-03,"Fake dentist who treated patients 
for 27 years in Fort Kochi arrested",https://www.reddit.com/r/Kochi/comments/1hsj6yc/fake_dentist_who_treated_patients_for_27_years_in/,fake arrest,Digital Arrest Scam,Digital Arrest,THIRD-PARTY,NARCF4-00135.txt,City: Kochi | Author: u/Dependent-Badger-513 | Score: 1 | Reddit ID: 1hsj6yc
1cqvajc,NARCF4-00136,2026-04-11,YOUR NAME HERE,Reddit r/Kochi,reddit.com,2024-05-13,Scam Alert: Customs Call on Illegal Parcel Fraud,https://www.reddit.com/r/Kochi/comments/1cqvajc/scam_alert_customs_call_on_illegal_parcel_fraud/,customs fraud call,Digital Arrest Scam,Impersonation Scam,THIRD-PARTY,NARCF4-00136.txt,City: Kochi | Author: u/riseabovehat3 | Score: 1 | Reddit ID: 1cqvajc
1gbl977,NARCF4-00137,2026-04-11,YOUR NAME HERE,Reddit r/Kochi,reddit.com,2024-10-25,NEW SCAM ALERT: TRAI Number disconnection scam,https://www.reddit.com/r/Kochi/comments/1gbl977/new_scam_alert_trai_number_disconnection_scam/,TRAI scam call,Digital Arrest Scam,Impersonation Scam,THIRD-PARTY,NARCF4-00137.txt,City: Kochi | Author: u/dave8055 | Score: 1 | Reddit ID: 1gbl977
1fzzlij,NARCF4-00138,2026-04-11,YOUR NAME HERE,Reddit r/Kochi,reddit.com,2024-10-10,2nd UPDATE about the phone theft at Alan Walker Walker concert,https://www.reddit.com/r/Kochi/comments/1fzzlij/2nd_update_about_the_phone_theft_at_alan_walker/,phishing,"Phishing, Vishing, and Smishing",Phishing,NEAR-MISS,NARCF4-00138.txt,City: Kochi | Author: u/BabyYaga69 | Score: 207 | Reddit ID: 1fzzlij
1cksrmt,NARCF4-00139,2026-04-11,YOUR NAME HERE,Reddit r/Kochi,reddit.com,2024-05-05,"Experienced folks, is s*xting and ghosting normal or is this plain phishing?",https://www.reddit.com/r/Kochi/comments/1cksrmt/experienced_folks_is_sxting_and_ghosting_normal/,phishing,"Phishing, Vishing, and Smishing",Phishing,THIRD-PARTY,NARCF4-00139.txt,City: Kochi | Author: u/valenced_electron | Score: 1 | Reddit ID: 1cksrmt
1g7w7i3,NARCF4-00140,2026-04-11,YOUR NAME HERE,Reddit r/Kochi,reddit.com,2024-10-20,Blinkit delivering fake boat product,https://www.reddit.com/r/Kochi/comments/1g7w7i3/blinkit_delivering_fake_boat_product/,fake website,"Phishing, Vishing, and Smishing",Phishing,THIRD-PARTY,NARCF4-00140.txt,City: Kochi | Author: u/noklagia | Score: 1 | Reddit ID: 1g7w7i3
1ea5509,NARCF4-00141,2026-04-11,YOUR NAME HERE,Reddit r/Kochi,reddit.com,2024-07-23,Urgent Assistance Needed for PF and UAN Details After Leaving Previous Employer,https://www.reddit.com/r/Kochi/comments/1ea5509/urgent_assistance_needed_for_pf_and_uan_details/,fraud call,"Phishing, Vishing, and Smishing",Vishing,THIRD-PARTY,NARCF4-00141.txt,City: Kochi | Author: u/keegan-kochi | Score: 1 | Reddit ID: 1ea5509
1e7y4fe,NARCF4-00142,2026-04-11,YOUR NAME HERE,Reddit r/Kochi,reddit.com,2024-07-20,"Bank fraud call from ""SBI""",https://www.reddit.com/r/Kochi/comments/1e7y4fe/bank_fraud_call_from_sbi/,fraud call,"Phishing, Vishing, and Smishing",Vishing,THIRD-PARTY,NARCF4-00142.txt,City: Kochi | Author: u/leah_the_playaahh | Score: 1 | Reddit ID: 1e7y4fe
1dzv9bu,NARCF4-00143,2026-04-11,YOUR NAME HERE,Reddit r/Kochi,reddit.com,2024-07-10,21F not from Kerala need help ,https://www.reddit.com/r/Kochi/comments/1dzv9bu/21f_not_from_kerala_need_help/,fraud call,"Phishing, Vishing, and Smishing",Vishing,THIRD-PARTY,NARCF4-00143.txt,City: Kochi | Author: u/SnooPickles161 | Score: 60 | Reddit ID: 1dzv9bu
1csmrbx,NARCF4-00144,2026-04-11,YOUR NAME HERE,Reddit r/Kochi,reddit.com,2024-05-15,UNICEF/UNESCO Agents trying to get your money. ,https://www.reddit.com/r/Kochi/comments/1csmrbx/unicefunesco_agents_trying_to_get_your_money/,fraud call,"Phishing, Vishing, and Smishing",Vishing,NEAR-MISS,NARCF4-00144.txt,City: Kochi | Author: u/Jon-Bones-Jones_ | Score: 1 | Reddit ID: 1csmrbx
1ca63jd,NARCF4-00145,2026-04-11,YOUR NAME HERE,Reddit r/Kochi,reddit.com,2024-04-22,"Have any of you experienced financial fraud from any so called celebrity food blogger ""chettan"" based in Kochi? ",https://www.reddit.com/r/Kochi/comments/1ca63jd/have_any_of_you_experienced_financial_fraud_from/,fraud call,"Phishing, Vishing, and Smishing",Vishing,THIRD-PARTY,NARCF4-00145.txt,City: Kochi | Author: u/Past-Woodpecker-7774 | Score: 1 | Reddit ID: 1ca63jd
1c0c80a,NARCF4-00146,2026-04-11,YOUR NAME HERE,Reddit r/Kochi,reddit.com,2024-04-10,Possibly a shady institute.,https://www.reddit.com/r/Kochi/comments/1c0c80a/possibly_a_shady_institute/,fraud call,"Phishing, Vishing, and Smishing",Vishing,THIRD-PARTY,NARCF4-00146.txt,City: Kochi | Author: u/Electronic-Mess-4123 | Score: 1 | Reddit ID: 1c0c80a
17hdxoj,NARCF4-00147,2026-04-11,YOUR NAME HERE,Reddit r/Kochi,reddit.com,2023-10-27,Need Help Guys 🚨 Fraud stole my car.,https://www.reddit.com/r/Kochi/comments/17hdxoj/need_help_guys_fraud_stole_my_car/,fraud call,"Phishing, Vishing, and Smishing",Vishing,THIRD-PARTY,NARCF4-00147.txt,City: Kochi | Author: u/niranjanmanoj24 | Score: 1 | Reddit ID: 17hdxoj
1ieyal7,NARCF4-00148,2026-04-11,YOUR NAME HERE,Reddit r/Kochi,reddit.com,2025-02-01,Got scammed by Loan agent,https://www.reddit.com/r/Kochi/comments/1ieyal7/got_scammed_by_loan_agent/,investment scam,Investment and Trading Fraud,Investment Scam,THIRD-PARTY,NARCF4-00148.txt,City: Kochi | Author: u/mysouldrifts | Score: 1 | Reddit ID: 1ieyal7
1eoyx8s,NARCF4-00149,2026-04-11,YOUR NAME HERE,Reddit r/Kochi,reddit.com,2024-08-10,Are the OLX work from home jobs scams.,https://www.reddit.com/r/Kochi/comments/1eoyx8s/are_the_olx_work_from_home_jobs_scams/,work from home scam,Investment and Trading Fraud,Task Scam,THIRD-PARTY,NARCF4-00149.txt,City: Kochi | Author: u/depressed_man1 | Score: 1 | Reddit ID: 1eoyx8s
1en20py,NARCF4-00150,2026-04-11,YOUR NAME HERE,Reddit r/Kochi,reddit.com,2024-08-08,"Thank you, Kochi for showing us that good people still exist",https://www.reddit.com/r/Kochi/comments/1en20py/thank_you_kochi_for_showing_us_that_good_people/,work from home scam,Investment and Trading Fraud,Task Scam,THIRD-PARTY,NARCF4-00150.txt,City: Kochi | Author: u/featheringtonne | Score: 478 | Reddit ID: 1en20py
1eguu3v,NARCF4-00151,2026-04-11,YOUR NAME HERE,Reddit r/Kochi,reddit.com,2024-08-01,How is Jio Airfiber in Kochi?,https://www.reddit.com/r/Kochi/comments/1eguu3v/how_is_jio_airfiber_in_kochi/,work from home scam,Investment and Trading Fraud,Task Scam,THIRD-PARTY,NARCF4-00151.txt,City: Kochi | Author: u/Aggravating-Joke3875 | Score: 1 | Reddit ID: 1eguu3v
1ewquwn,NARCF4-00152,2026-04-11,YOUR NAME HERE,Reddit r/Kochi,reddit.com,2024-08-20,Protecting Customer Privacy: A Call for QR-Based Invoicing,https://www.reddit.com/r/Kochi/comments/1ewquwn/protecting_customer_privacy_a_call_for_qrbased/,data breach,Identity Theft and Data Breach,Data Breach,THIRD-PARTY,NARCF4-00152.txt,City: Kochi | Author: u/VoiceExtension4238 | Score: 10 | Reddit ID: 1ewquwn
1igpnk2,NARCF4-00153,2026-04-11,YOUR NAME HERE,Reddit r/Kochi,reddit.com,2025-02-03,I am having a greater regret than post nut clarity,https://www.reddit.com/r/Kochi/comments/1igpnk2/i_am_having_a_greater_regret_than_post_nut_clarity/,data leak,Identity Theft and Data Breach,Data Breach,THIRD-PARTY,NARCF4-00153.txt,City: Kochi | Author: u/notabletothink-dumb | Score: 1 | Reddit ID: 1igpnk2
1aumwvc,NARCF4-00154,2026-04-11,YOUR NAME HERE,Reddit r/Kochi,reddit.com,2024-02-19,Gym trainers being Fboys,https://www.reddit.com/r/Kochi/comments/1aumwvc/gym_trainers_being_fboys/,dating fraud,Social Engineering and Romance/Sextortion,Romance Scam,THIRD-PARTY,NARCF4-00154.txt,City: Kochi | Author: u/Asleep-Thought-7433 | Score: 1 | Reddit ID: 1aumwvc
1c5umwo,NARCF4-00155,2026-04-11,YOUR NAME HERE,Reddit r/Kochi,reddit.com,2024-04-17,Thoughts on paid xxx services ,https://www.reddit.com/r/Kochi/comments/1c5umwo/thoughts_on_paid_xxx_services/,honey trap,Social Engineering and Romance/Sextortion,Romance Scam,THIRD-PARTY,NARCF4-00155.txt,City: Kochi | Author: u/tod_alderson | Score: 1 | Reddit ID: 1c5umwo
1dl4d37,NARCF4-00156,2026-04-11,YOUR NAME HERE,Reddit r/Kochi,reddit.com,2024-06-21,My friend facing cyber bullying anyone know how to report cyber police(contact number ),https://www.reddit.com/r/Kochi/comments/1dl4d37/my_friend_facing_cyber_bullying_anyone_know_how/,cyber bullying,Emerging and Miscellaneous Fraud Types,Cyber Stalking,THIRD-PARTY,NARCF4-00156.txt,City: Kochi | Author: u/ente_cassette | Score: 1 | Reddit ID: 1dl4d37
1hb7t0j,NARCF4-00157,2026-04-11,YOUR NAME HERE,Reddit r/Udaipur,reddit.com,2024-12-10,Gangaur Ghat potential scam,https://www.reddit.com/r/udaipur/comments/1hb7t0j/gangaur_ghat_potential_scam/,internet scam,General Cybercrime / Cyber Fraud Terms,Cyber Scam,THIRD-PARTY,NARCF4-00157.txt,City: Udaipur | Author: u/drippingyo | Score: 5 | Reddit ID: 1hb7t0j
1is3fv8,NARCF4-00158,2026-04-11,YOUR NAME HERE,Reddit r/Udaipur,reddit.com,2025-02-18,Taxi Woes,https://www.reddit.com/r/udaipur/comments/1is3fv8/taxi_woes/,OTP scam,OTP and Authentication Fraud,OTP Fraud,NEAR-MISS,NARCF4-00158.txt,City: Udaipur | Author: u/swapniljadav | Score: 1 | Reddit ID: 1is3fv8
1iia7wj,NARCF4-00159,2026-04-11,YOUR NAME HERE,Reddit r/Dehradun,reddit.com,2025-02-05,Beware of Auto &amp; Cab Drivers Near Dehradun Bus Stand/Railway Station – Always Book Online!,https://www.reddit.com/r/Dehradun/comments/1iia7wj/beware_of_auto_cab_drivers_near_dehradun_bus/,online scam,General Cybercrime / Cyber Fraud Terms,Cyber Scam,NEAR-MISS,NARCF4-00159.txt,City: Dehradun | Author: u/Affectionate-Ebb-630 | Score: 1 | Reddit ID: 1iia7wj
1eys3sp,NARCF4-00160,2026-04-11,YOUR NAME HERE,Reddit r/Dehradun,reddit.com,2024-08-23,"Got Scammed at airport - ""The Brew Marca""",https://www.reddit.com/r/Dehradun/comments/1eys3sp/got_scammed_at_airport_the_brew_marca/,UPI scam,UPI and Digital Payment Fraud,UPI Fraud,VICTIM,NARCF4-00160.txt,City: Dehradun | Author: u/Material-Sky9088 | Score: 1 | Reddit ID: 1eys3sp
1h75win,NARCF4-00161,2026-04-11,YOUR NAME HERE,Reddit r/Dehradun,reddit.com,2024-12-05,Bhari Samasya,https://www.reddit.com/r/Dehradun/comments/1h75win/bhari_samasya/,trust scam,Social Engineering and Romance/Sextortion,Social Engineering,THIRD-PARTY,NARCF4-00161.txt,City: Dehradun | Author: u/seempsycho | Score: 1 | Reddit ID: 1h75win
1gtmla9,NARCF4-00162,2026-04-11,YOUR NAME HERE,Reddit r/Ajmer,reddit.com,2024-11-18,Honey trap ? ,https://www.reddit.com/r/ajmer/comments/1gtmla9/honey_trap/,honey trap,Social Engineering and Romance/Sextortion,Romance Scam,THIRD-PARTY,NARCF4-00162.txt,City: Ajmer | Author: u/[deleted] | Score: 1 | Reddit ID: 1gtmla9
1jvw5kt,NARCF4-00163,2026-04-11,YOUR NAME HERE,Reddit r/Ujjain,reddit.com,2025-04-10,Ujjain BhaktNivas accodomation scam,https://www.reddit.com/r/ujjain/comments/1jvw5kt/ujjain_bhaktnivas_accodomation_scam/,fake payment link,UPI and Digital Payment Fraud,Payment Link Fraud,NEAR-MISS,NARCF4-00163.txt,City: Ujjain | Author: u/icosmicharm | Score: 1 | Reddit ID: 1jvw5kt
1gwkp4b,NARCF4-00164,2026-04-11,YOUR NAME HERE,Reddit r/Jhansi,reddit.com,2024-11-21,Nursing student arrested for faking her kidnapping Jhansi,https://www.reddit.com/r/Jhansi/comments/1gwkp4b/nursing_student_arrested_for_faking_her/,fake arrest,Digital Arrest Scam,Digital Arrest,THIRD-PARTY,NARCF4-00164.txt,City: Jhansi | Author: u/indiaweekly | Score: 1 | Reddit ID: 1gwkp4b
1hqbzrb,NARCF4-00165,2026-04-11,YOUR NAME HERE,Reddit r/Pondicherry,reddit.com,2024-12-31,DRIVE VERY CAREFULLY TONIGHT - NYE ,https://www.reddit.com/r/pondicherry/comments/1hqbzrb/drive_very_carefully_tonight_nye/,cyber crime,General Cybercrime / Cyber Fraud Terms,General Cybercrime,THIRD-PARTY,NARCF4-00165.txt,City: Pondicherry | Author: u/ArceusMaxis | Score: 1 | Reddit ID: 1hqbzrb
17sz2pf,NARCF4-00166,2026-04-11,YOUR NAME HERE,Reddit r/Pondicherry,reddit.com,2023-11-11,Awareness about Cyber Crime,https://www.reddit.com/r/pondicherry/comments/17sz2pf/awareness_about_cyber_crime/,cyber crime,General Cybercrime / Cyber Fraud Terms,General Cybercrime,THIRD-PARTY,NARCF4-00166.txt,City: Pondicherry | Author: u/monksneverdie | Score: 1 | Reddit ID: 17sz2pf
w9lpqj,NARCF4-00167,2026-04-11,YOUR NAME HERE,Reddit r/Jammu,reddit.com,2022-07-27,Also saw various other cybercrime news of faking their profiles to be some beureaucratic officer.,https://www.reddit.com/r/jammu/comments/w9lpqj/also_saw_various_other_cybercrime_news_of_faking/,cybercrime,General Cybercrime / Cyber Fraud Terms,General Cybercrime,THIRD-PARTY,NARCF4-00167.txt,City: Jammu | Author: u/berzerker_x | Score: 7 | Reddit ID: w9lpqj
pnyfco,NARCF4-00168,2026-04-11,YOUR NAME HERE,Reddit r/Jammu,reddit.com,2021-09-14,"""SBI Bank से 7 लाख का Cyber fraud, Akhnoor Police arrested one person"" | JK Media",https://www.reddit.com/r/jammu/comments/pnyfco/sbi_bank_स_7_लख_क_cyber_fraud_akhnoor_police/,cyber fraud,General Cybercrime / Cyber Fraud Terms,General Cybercrime,THIRD-PARTY,NARCF4-00168.txt,City: Jammu | Author: u/berzerker_x | Score: 2 | Reddit ID: pnyfco
1blvmxe,NARCF4-00169,2026-04-11,YOUR NAME HERE,Reddit r/Jammu,reddit.com,2024-03-23,Exploring Safe Options for Participating in Money Pools,https://www.reddit.com/r/jammu/comments/1blvmxe/exploring_safe_options_for_participating_in_money/,online fraud,General Cybercrime / Cyber Fraud Terms,General Cybercrime,THIRD-PARTY,NARCF4-00169.txt,City: Jammu | Author: u/gunpreetsingh786 | Score: 1 | Reddit ID: 1blvmxe
17bd7e0,NARCF4-00170,2026-04-11,YOUR NAME HERE,Reddit r/Jammu,reddit.com,2023-10-19,New scam in the market,https://www.reddit.com/r/jammu/comments/17bd7e0/new_scam_in_the_market/,cyber scam,General Cybercrime / Cyber Fraud Terms,Cyber Scam,NEAR-MISS,NARCF4-00170.txt,City: Jammu | Author: u/casper131096 | Score: 1 | Reddit ID: 17bd7e0
1ckjurc,NARCF4-00171,2026-04-11,YOUR NAME HERE,Reddit r/Jammu,reddit.com,2024-05-05,Help,https://www.reddit.com/r/jammu/comments/1ckjurc/help/,online scam,General Cybercrime / Cyber Fraud Terms,Cyber Scam,VICTIM,NARCF4-00171.txt,City: Jammu | Author: u/Fearless_Ad9984 | Score: 1 | Reddit ID: 1ckjurc
v7kud1,NARCF4-00172,2026-04-11,YOUR NAME HERE,Reddit r/Jammu,reddit.com,2022-06-08,Discussion post on the JKSI exams,https://www.reddit.com/r/jammu/comments/v7kud1/discussion_post_on_the_jksi_exams/,online scam,General Cybercrime / Cyber Fraud Terms,Cyber Scam,THIRD-PARTY,NARCF4-00172.txt,City: Jammu | Author: u/berzerker_x | Score: 2 | Reddit ID: v7kud1
1gozzdh,NARCF4-00173,2026-04-11,YOUR NAME HERE,Reddit r/Jammu,reddit.com,2024-11-12,"Days After Flagging Environmental Issue, J&amp;K Police Arrest Civic Activist Under PSA | Jehangir Ali, The Wire",https://www.reddit.com/r/jammu/comments/1gozzdh/days_after_flagging_environmental_issue_jk_police/,internet scam,General Cybercrime / Cyber Fraud Terms,Cyber Scam,THIRD-PARTY,NARCF4-00173.txt,City: Jammu | Author: u/berzerker_x | Score: 1 | Reddit ID: 1gozzdh
1k7axv1,NARCF4-00174,2026-04-11,YOUR NAME HERE,Reddit r/Jammu,reddit.com,2025-04-25,"Details Behind The whole Janipur ""assault"" Incident on Kashmiri Muslims (read the discription)",https://www.reddit.com/r/jammu/comments/1k7axv1/details_behind_the_whole_janipur_assault_incident/,video call arrest,Digital Arrest Scam,Digital Arrest,THIRD-PARTY,NARCF4-00174.txt,City: Jammu | Author: u/AfraidPossession6977 | Score: 155 | Reddit ID: 1k7axv1
1cv5yqd,NARCF4-00175,2026-04-11,YOUR NAME HERE,Reddit r/Jammu,reddit.com,2024-05-19,Help guys ,https://www.reddit.com/r/jammu/comments/1cv5yqd/help_guys/,fraud call,"Phishing, Vishing, and Smishing",Vishing,THIRD-PARTY,NARCF4-00175.txt,City: Jammu | Author: u/Icy-Aardvark-5937 | Score: 1 | Reddit ID: 1cv5yqd
1gjev11,NARCF4-00176,2026-04-11,YOUR NAME HERE,Reddit r/Jammu,reddit.com,2024-11-04,"An article in Chenab times titled ""Sarazi and the associated shame"", it talks about the sarazi language and its present degrading status",https://www.reddit.com/r/jammu/comments/1gjev11/an_article_in_chenab_times_titled_sarazi_and_the/,fake bank call,"Phishing, Vishing, and Smishing",Vishing,THIRD-PARTY,NARCF4-00176.txt,City: Jammu | Author: u/berzerker_x | Score: 1 | Reddit ID: 1gjev11
1k8xrun,NARCF4-00177,2026-04-11,YOUR NAME HERE,Reddit r/Jammu,reddit.com,2025-04-27,"[Serious] Planning House Purchase in Jammu (Budget ₹1.25Cr) - Area Advice, India(Jammu)-specific process &amp; Scam Prevention Tips",https://www.reddit.com/r/jammu/comments/1k8xrun/serious_planning_house_purchase_in_jammu_budget/,investment scam,Investment and Trading Fraud,Investment Scam,THIRD-PARTY,NARCF4-00177.txt,City: Jammu | Author: u/SlowPop4425 | Score: 1 | Reddit ID: 1k8xrun
1g45d91,NARCF4-00178,2026-04-11,YOUR NAME HERE,Reddit r/Jammu,reddit.com,2024-10-15,Ubit coin scheme doing rounds in Jammu ,https://www.reddit.com/r/jammu/comments/1g45d91/ubit_coin_scheme_doing_rounds_in_jammu/,investment scam,Investment and Trading Fraud,Investment Scam,THIRD-PARTY,NARCF4-00178.txt,City: Jammu | Author: u/harbaksh1 | Score: 7 | Reddit ID: 1g45d91
1jjewk9,NARCF4-00179,2026-04-11,YOUR NAME HERE,Reddit r/Jammu,reddit.com,2025-03-25,Easy money? Think again. Stop ponzi schemes,https://www.reddit.com/r/jammu/comments/1jjewk9/easy_money_think_again_stop_ponzi_schemes/,Ponzi scheme,Investment and Trading Fraud,Investment Scam,THIRD-PARTY,NARCF4-00179.txt,City: Jammu | Author: u/Quiet-Historian-5274 | Score: 1 | Reddit ID: 1jjewk9
1d0w9hu,NARCF4-00180,2026-04-11,YOUR NAME HERE,Reddit r/Jammu,reddit.com,2024-05-26,Help ,https://www.reddit.com/r/jammu/comments/1d0w9hu/help/,part time job scam,Investment and Trading Fraud,Task Scam,THIRD-PARTY,NARCF4-00180.txt,City: Jammu | Author: u/Signal_Treat_8358 | Score: 1 | Reddit ID: 1d0w9hu
1kgwt7j,NARCF4-00181,2026-04-11,YOUR NAME HERE,Reddit r/Jammu,reddit.com,2025-05-07,War preparedness: A survival guide !,https://www.reddit.com/r/jammu/comments/1kgwt7j/war_preparedness_a_survival_guide/,data leak,Identity Theft and Data Breach,Data Breach,NEAR-MISS,NARCF4-00181.txt,City: Jammu | Author: u/desiliberal | Score: 1 | Reddit ID: 1kgwt7j
1kgwchp,NARCF4-00182,2026-04-11,YOUR NAME HERE,Reddit r/Jammu,reddit.com,2025-05-07,War preparedness : A survival Guide,https://www.reddit.com/r/jammu/comments/1kgwchp/war_preparedness_a_survival_guide/,data leak,Identity Theft and Data Breach,Data Breach,NEAR-MISS,NARCF4-00182.txt,City: Jammu | Author: u/desiliberal | Score: 1 | Reddit ID: 1kgwchp
1jm298o,NARCF4-00183,2026-04-11,YOUR NAME HERE,Reddit r/Jammu,reddit.com,2025-03-29,Follow up (account hack),https://www.reddit.com/r/jammu/comments/1jm298o/follow_up_account_hack/,data leak,Identity Theft and Data Breach,Data Breach,THIRD-PARTY,NARCF4-00183.txt,City: Jammu | Author: u/Icy-Major-1327 | Score: 1 | Reddit ID: 1jm298o
1gkdwlg,NARCF4-00184,2026-04-11,YOUR NAME HERE,Reddit r/Jammu,reddit.com,2024-11-06,Network Building,https://www.reddit.com/r/jammu/comments/1gkdwlg/network_building/,trust scam,Social Engineering and Romance/Sextortion,Social Engineering,THIRD-PARTY,NARCF4-00184.txt,City: Jammu | Author: u/Difficult-Chapter-74 | Score: 1 | Reddit ID: 1gkdwlg
nj0p1m,NARCF4-00185,2026-04-11,YOUR NAME HERE,Reddit r/Jammu,reddit.com,2021-05-23,Women professionals in Jammu and Kashmir: Challenges and opportunities,https://www.reddit.com/r/jammu/comments/nj0p1m/women_professionals_in_jammu_and_kashmir/,online harassment,Emerging and Miscellaneous Fraud Types,Cyber Stalking,THIRD-PARTY,NARCF4-00185.txt,City: Jammu | Author: u/jkpi123 | Score: 1 | Reddit ID: nj0p1m
1gr1k66,NARCF4-00186,2026-04-11,YOUR NAME HERE,Reddit r/Jammu,reddit.com,2024-11-14,J&amp;K Govt Threatens Legal Action on News Portal Over Report on Activist Detained Under PSA,https://www.reddit.com/r/jammu/comments/1gr1k66/jk_govt_threatens_legal_action_on_news_portal/,digital harassment,Emerging and Miscellaneous Fraud Types,Cyber Stalking,NEAR-MISS,NARCF4-00186.txt,City: Jammu | Author: u/berzerker_x | Score: 1 | Reddit ID: 1gr1k66
1jsnc0o,NARCF4-00187,2026-04-11,YOUR NAME HERE,Reddit r/Belagavi,reddit.com,2025-04-06,"""Herbert Spencer’s Warning: How Belagavi’s Legal Cage Traps the Poor, While the Powerful Walk Free""",https://www.reddit.com/r/Belagavi/comments/1jsnc0o/herbert_spencers_warning_how_belagavis_legal_cage/,fake arrest,Digital Arrest Scam,Digital Arrest,NEAR-MISS,NARCF4-00187.txt,City: Belagavi | Author: u/devils_vakeel | Score: 1 | Reddit ID: 1jsnc0o
1k1xrjp,NARCF4-00188,2026-04-11,YOUR NAME HERE,Reddit r/Belagavi,reddit.com,2025-04-18,"🔥""Belagavi Coaching Centers Under Fire: Fake Rank Promises Exposed by CCPA!"" 🔥",https://www.reddit.com/r/Belagavi/comments/1k1xrjp/belagavi_coaching_centers_under_fire_fake_rank/,refund scam,E-Commerce and Delivery Fraud,E-Commerce Fraud,NEAR-MISS,NARCF4-00188.txt,City: Belagavi | Author: u/devils_vakeel | Score: 1 | Reddit ID: 1k1xrjp
1dfr9pt,NARCF4-00189,2026-04-11,YOUR NAME HERE,Reddit r/Kozhikode,reddit.com,2024-06-14,PLEASE READ: Latest Trend in r/Kozhikode,https://www.reddit.com/r/kozhikode/comments/1dfr9pt/please_read_latest_trend_in_rkozhikode/,fraud call,"Phishing, Vishing, and Smishing",Vishing,THIRD-PARTY,NARCF4-00189.txt,City: Kozhikode | Author: u/asc0614 | Score: 1 | Reddit ID: 1dfr9pt
1ifbmrw,NARCF4-00190,2026-04-11,YOUR NAME HERE,Reddit r/Kozhikode,reddit.com,2025-02-01,Goat scammed by Loan agent,https://www.reddit.com/r/kozhikode/comments/1ifbmrw/goat_scammed_by_loan_agent/,investment scam,Investment and Trading Fraud,Investment Scam,THIRD-PARTY,NARCF4-00190.txt,City: Kozhikode | Author: u/mysouldrifts | Score: 1 | Reddit ID: 1ifbmrw
1jx7i5v,NARCF4-00191,2026-04-11,YOUR NAME HERE,Reddit r/Kozhikode,reddit.com,2025-04-12,"I Was Scammed of ₹80,000 by a Serial Fraudster Posing as Car Parts Seller from Delhi – Please Help Expose Him",https://www.reddit.com/r/kozhikode/comments/1jx7i5v/i_was_scammed_of_80000_by_a_serial_fraudster/,fake delivery,E-Commerce and Delivery Fraud,Delivery Fraud,VICTIM,NARCF4-00191.txt,City: Kozhikode | Author: u/shadownet089 | Score: 1 | Reddit ID: 1jx7i5v
1jrj38l,NARCF4-00192,2026-04-11,YOUR NAME HERE,Reddit r/Kozhikode,reddit.com,2025-04-05,Swiggy Kozhikode fleet is handled by an Idiot,https://www.reddit.com/r/kozhikode/comments/1jrj38l/swiggy_kozhikode_fleet_is_handled_by_an_idiot/,fake delivery,E-Commerce and Delivery Fraud,Delivery Fraud,THIRD-PARTY,NARCF4-00192.txt,City: Kozhikode | Author: u/Icy_Mycologist_5659 | Score: 1 | Reddit ID: 1jrj38l
1ewrk78,NARCF4-00193,2026-04-11,YOUR NAME HERE,Reddit r/Akola,reddit.com,2024-08-20,Scam2024,https://www.reddit.com/r/Akola/comments/1ewrk78/scam2024/,trust scam,Social Engineering and Romance/Sextortion,Social Engineering,THIRD-PARTY,NARCF4-00193.txt,City: Akola | Author: u/No_Solution_7151 | Score: 1 | Reddit ID: 1ewrk78
1j5r2gm,NARCF4-00194,2026-04-11,YOUR NAME HERE,Reddit r/Latur,reddit.com,2025-03-07,Beware of these people in Latur,https://www.reddit.com/r/Latur/comments/1j5r2gm/beware_of_these_people_in_latur/,fraud call,"Phishing, Vishing, and Smishing",Vishing,NEAR-MISS,NARCF4-00194.txt,City: Latur | Author: u/akshay1205 | Score: 25 | Reddit ID: 1j5r2gm
